RATIO_ABETA42_40_BY_ISTD_TOUSE,PTGENDER,PTEDUCAT,AGE,BMI,APOE2,APOE4,MMSE,CATANIMSC,TRABSCOR,LDELTOTAL,prob_1,prob_2,prob_3,prob_4,prob_5,prob
0.11701500000000001,1,15,74.56849315068494,31.855769867165712,0,0.0,28.0,17.0,65.0,-2.219339718969575,0.4986300079734678,0.45723657147336966,0.5002169829559603,0.5299539931056565,0.557074493322818,
