PTGENDER,PTEDUCAT,AGE,BMI,APOE2,APOE4,MMSE,CATANIMSC,TRABSCOR,LDELTOTAL,prob_1,prob_2,prob_3,prob_4,prob_5,prob
1,15,74.56849315,31.85576987,0,0,28,17,65,13,0.195,0.15536868834501785,0.175,0.20987684219843694,0.185,
